0x868c23429B5a6E5EfE12873A76f6cbF6A5d90237,4
0xb5FB2BDBCA7D7CF9148d02Cc9b779662a8deddCA,4
0x8cac30f49da3c21d27c218d0c4ef462ab1a7ec79,4
0xDbAD532D46564584FFA61A838813eB8a5C48D54B,4
0x0d729ba05ec81f5c2e197f8f16aa0946d5861d28,3
0x168261c29a56b32643cd0fd4430d0b516e0945c6,3
0x43b1ec35ae062dac2a9ea5f0b931d5885650e699,3
0x64c0732b49668fc9ea2441a48f3fd9f458852f55,3
0xa0270756b3a3e18afa74db7812367af9e5e79bf3,3
0xa04c8f1337023a88bc303134219995a3b0caef69,3
0xa1d80730e04fd7da39ee755424d51269ddbc082f,3
0xa6f44026b1ec71d855a9acf6e7e6431a02eac394,3
0xb83090bb475a6692a4bfa70ef2f3afa10c49deda,3
0xd561ba5bdbfea7a39bf073b7520a7273bc767131,3
0xf7476355082bfd5001a578d04aacf812daff13ff,3
0x18dd903ecbc63e3f17033a13afbf3aae7c48c186,1
0x3d0f19a57490bd7353032115af360b8e0ac6ca4f,1
0xaa58479f8a653fe21ddcb73eb5dd7861ded41d4b,1